Individual	Parent1	Parent2	Pedigree
02JR310007	CM4035N	Pioneer_P93B82	( 02JR310007 ( CM4035N , Pioneer_P93B82 ) )
02JR310007BC2	02JR310007	02JR310007BC1	( 02JR310007BC2 ( 02JR310007 ( CM4035N , Pioneer_P93B82 ) , 02JR310007BC1 ) )
02JR310007BC3	02JR310007	02JR310007BC2	( 02JR310007BC3 ( 02JR310007 ( CM4035N , Pioneer_P93B82 ) ( CM4035N , Pioneer_P93B82 ) , 02JR310007BC2 ( 02JR310007 ( CM4035N , Pioneer_P93B82 ) , 02JR310007BC1 ) ) )
02JR310061	CM4035N	Pioneer_P93B82	( 02JR310061 ( CM4035N , Pioneer_P93B82 ) )
02JR318004	Syngenta_S32-Z3	CM4035N	( 02JR318004 ( Syngenta_S32-Z3 ( Exp_13404 , Pioneer_P9273 ( Pioneer_P2981 , Asgrow_A3127 ( Williams , Essex ) ) ) , CM4035N ) )
02JR318004BC2	02JR318004	02JR318004BC1	( 02JR318004BC2 ( 02JR318004 ( Syngenta_S32-Z3 ( Exp_13404 , Pioneer_P9273 ( Pioneer_P2981 , Asgrow_A3127 ( Williams , Essex ) ) ) , CM4035N ) , 02JR318004BC1 ) )
02JR318004BC3	02JR318004	02JR318004BC2	( 02JR318004BC3 ( 02JR318004 ( Syngenta_S32-Z3 ( Exp_13404 , Pioneer_P9273 ( Pioneer_P2981 , Asgrow_A3127 ( Williams , Essex ) ) ) , CM4035N ) ( Syngenta_S32-Z3 ( Exp_13404 , Pioneer_P9273 ( Pioneer_P2981 , Asgrow_A3127 ( Williams , Essex ) ) ) ( Exp_13404 , Pioneer_P9273 ( Pioneer_P2981 , Asgrow_A3127 ( Williams , Essex ) ) ( Pioneer_P2981 , Asgrow_A3127 ( Williams , Essex ) ( Williams , Essex ) ) ) , CM4035N ) , 02JR318004BC2 ( 02JR318004 ( Syngenta_S32-Z3 ( Exp_13404 , Pioneer_P9273 ( Pioneer_P2981 , Asgrow_A3127 ( Williams , Essex ) ) ) , CM4035N ) , 02JR318004BC1 ) ) )
02JR423003	Syngenta_S25-J5	Syngenta_S37-N4	( 02JR423003 ( Syngenta_S25-J5 ( Exp_13404 , Pioneer_P9273 ( Pioneer_P2981 , Asgrow_A3127 ( Williams , Essex ) ) ) , Syngenta_S37-N4 ) )
02JR423003BC2	02JR423003	02JR423003BC1	( 02JR423003BC2 ( 02JR423003 ( Syngenta_S25-J5 ( Exp_13404 , Pioneer_P9273 ( Pioneer_P2981 , Asgrow_A3127 ( Williams , Essex ) ) ) , Syngenta_S37-N4 ) , 02JR423003BC1 ) )
02JR423003BC3	02JR423003	02JR423003BC2	( 02JR423003BC3 ( 02JR423003 ( Syngenta_S25-J5 ( Exp_13404 , Pioneer_P9273 ( Pioneer_P2981 , Asgrow_A3127 ( Williams , Essex ) ) ) , Syngenta_S37-N4 ) ( Syngenta_S25-J5 ( Exp_13404 , Pioneer_P9273 ( Pioneer_P2981 , Asgrow_A3127 ( Williams , Essex ) ) ) ( Exp_13404 , Pioneer_P9273 ( Pioneer_P2981 , Asgrow_A3127 ( Williams , Essex ) ) ( Pioneer_P2981 , Asgrow_A3127 ( Williams , Essex ) ( Williams , Essex ) ) ) , Syngenta_S37-N4 ) , 02JR423003BC2 ( 02JR423003 ( Syngenta_S25-J5 ( Exp_13404 , Pioneer_P9273 ( Pioneer_P2981 , Asgrow_A3127 ( Williams , Essex ) ) ) , Syngenta_S37-N4 ) , 02JR423003BC1 ) ) )
02KG219016	Pioneer_P95B33	B511152	( 02KG219016 ( Pioneer_P95B33 , B511152 ) )
02RM018047	SJ833009	WX1964	( 02RM018047 ( SJ833009 ( Syngenta_S38-L5 , Pioneer_P9281 ) , WX1964 ) )
03DL090957	Pioneer_P90B43	Syngenta_S00-Z1	( 03DL090957 ( Pioneer_P90B43 , Syngenta_S00-Z1 ) )
03JR102982	WW710273	Syngenta_S42-H1	( 03JR102982 ( WW710273 ( MO02052 , Asgrow_A2506 ) , Syngenta_S42-H1 ) )
03JR103829	CM4035N	Syngneta_S43-B1	( 03JR103829 ( CM4035N , Syngneta_S43-B1 ) )
03JR321086	M815869	M813957	( 03JR321086 ( M815869 ( 13404BB2 , Asgrow_A2722 ) , M813957 ( 3276 , Pioneer_P9281 ) ) )
03JR321088	M815869	M813957	( 03JR321088 ( M815869 ( 13404BB2 , Asgrow_A2722 ) , M813957 ( 3276 , Pioneer_P9281 ) ) )
03KG212010	B640235	J634773	( 03KG212010 ( B640235 ( Asgrow_A4715 , CM428 ) , J634773 ( MP02052-11 ( CM293 , Syngenta_S24-92 ) , Asgrow_A3431 ) ) )
03KL015366	Syngenta_S18-N5	MT803006	( 03KL015366 ( Syngenta_S18-N5 ( Asgrow_A3431 , Syngenta_S18-11 ) , MT803006 ( ST2621 , Pioneer_P9172 ) ) )
03KL015644	Syngenta_S18-N5	Pioneer_P92B12	( 03KL015644 ( Syngenta_S18-N5 ( Asgrow_A3431 , Syngenta_S18-11 ) , Pioneer_P92B12 ) )
03KL015751	M815869	Pioneer_P92B12	( 03KL015751 ( M815869 ( 13404BB2 , Asgrow_A2722 ) , Pioneer_P92B12 ) )
03KL015826	Syngenta_S10-F2	Pioneer_P91B92	( 03KL015826 ( Syngenta_S10-F2 ( Exp_91133 , Exp_C319428 ( McCall , S19-90 ) ) , Pioneer_P91B92 ) )
03RM893031	Pioneer_P93B87	M816626	( 03RM893031 ( Pioneer_P93B87 , M816626 ( ST2621 , Asgrow_A3313 ) ) )
03RM893092	Pioneer_P93B87	M816626	( 03RM893092 ( Pioneer_P93B87 , M816626 ( ST2621 , Asgrow_A3313 ) ) )
03RM893902	Pioneer_P93B87	M816626	( 03RM893902 ( Pioneer_P93B87 , M816626 ( ST2621 , Asgrow_A3313 ) ) )
04DL106306	MT802867	Syngenta_S18-N5	( 04DL106306 ( MT802867 ( Syngenta_S22-C3 , Asgrow_A1900 ) , Syngenta_S18-N5 ( Asgrow_A3431 , Syngenta_S18-11 ) ) )
04KG128222	BA743303	BA847094	( 04KG128222 ( BA743303 ( Asgrow_A5885 ( Asgrow_X5512 , Asgrow_X5803 ) , B217809 ( X9054 ( Coker_156 ( Dare , D64-3937 ( Hill , D59-1619 ) ) , Nathan ) , Asgrow_A5403 ) ) , BA847094 ( DPL_3519s , Syngenta_S59-V6 ) ) )
04KL108370	Syngenta_S21-A1	M815869	( 04KL108370 ( Syngenta_S21-A1 , M815869 ( 13404BB2 , Asgrow_A2722 ) ) )
04KL108888	M815869	CL575743	( 04KL108888 ( M815869 ( 13404BB2 , Asgrow_A2722 ) , CL575743 ( Syngenta_S08-80 , Asgrow_A1900 ) ) )
04KL109914	M709710	MT802867	( 04KL109914 ( M709710 , MT802867 ( Syngenta_S22-C3 , Asgrow_A1900 ) ) )
04KL109914BC2	04KL109914	04KL109914BC1	( 04KL109914BC2 ( 04KL109914 ( M709710 , MT802867 ( Syngenta_S22-C3 , Asgrow_A1900 ) ) , 04KL109914BC1 ) )
04KL109914BC3	04KL109914	04KL109914BC2	( 04KL109914BC3 ( 04KL109914 ( M709710 , MT802867 ( Syngenta_S22-C3 , Asgrow_A1900 ) ) ( M709710 , MT802867 ( Syngenta_S22-C3 , Asgrow_A1900 ) ( Syngenta_S22-C3 , Asgrow_A1900 ) ) , 04KL109914BC2 ( 04KL109914 ( M709710 , MT802867 ( Syngenta_S22-C3 , Asgrow_A1900 ) ) , 04KL109914BC1 ) ) )
04RM822970	Syngenta_S30-Y8	DST3218	( 04RM822970 ( Syngenta_S30-Y8 ( Pioneer_P9362 , Syngenta_S35-35 ) , DST3218 ) )
05DL285328	CL605723	CL800127	( 05DL285328 ( CL605723 ( WW214164 , Syngenta_S08-80 ) , CL800127 ( Syngneta_S03-W4 , L924904 ( KG41 , Syngenta_S38-83 ) ) ) )
05DL345858	MT802867	98186-A01-30144	( 05DL345858 ( MT802867 ( Syngenta_S22-C3 , Asgrow_A1900 ) , 98186-A01-30144 ) )
05JR007045	Ina	MT012091	( 05JR007045 ( Ina ( Jack , Hartwig ) , MT012091 ( X006 ( Syngenta_S19-90 , MP91133 ) , Syngenta_S24-K4 ) ) )
05JR210562	Syngenta_S32-Z3	Syngenta_S49-Q9	( 05JR210562 ( Syngenta_S32-Z3 ( Exp_13404 , Pioneer_P9273 ( Pioneer_P2981 , Asgrow_A3127 ( Williams , Essex ) ) ) , Syngenta_S49-Q9 ) )
05KL119276	Syngenta_S10-F2	MT002989	( 05KL119276 ( Syngenta_S10-F2 ( Exp_91133 , Exp_C319428 ( McCall , S19-90 ) ) , MT002989 ( Syngenta_S16-Y6 ( Asgrow_A2242 ( Sherman , XP1928 ) , Exp_02052-11 ) , X022 ( Pioneer_P91608 , Pioneer_P9273 ( Pioneer_P2981 , Asgrow_A3127 ( Williams , Essex ) ) ) ) ) )
05KL134039	Pioneer_P91M10	H-1852RR	( 05KL134039 ( Pioneer_P91M10 , H-1852RR ) )
05KL134976	Syngenta_S10-F2	MT013548	( 05KL134976 ( Syngenta_S10-F2 ( Exp_91133 , Exp_C319428 ( McCall , S19-90 ) ) , MT013548 ( X006 ( Syngenta_S19-90 , MP91133 ) , Syngenta_S24-K4 ) ) )
05KL135608	MT002989	X312R	( 05KL135608 ( MT002989 ( Syngenta_S16-Y6 ( Asgrow_A2242 ( Sherman , XP1928 ) , Exp_02052-11 ) , X022 ( Pioneer_P91608 , Pioneer_P9273 ( Pioneer_P2981 , Asgrow_A3127 ( Williams , Essex ) ) ) ) , X312R ( X006 ( Syngenta_S19-90 , MP91133 ) , Syngenta_S24-K4 ) ) )
06BR337018	Pioneer_P93B86	Syngenta_S28-G1	( 06BR337018 ( Pioneer_P93B86 , Syngenta_S28-G1 ) )
06BR381007	WW115926	99702-B02-58205	( 06BR381007 ( WW115926 , 99702-B02-58205 ( B3491N , AP2952N ) ) )
06DL384689	DST2344	Dover	( 06DL384689 ( DST2344 , Dover ) )
06DL480307	Syngenta_S05-T6	OACWallace	( 06DL480307 ( Syngenta_S05-T6 , OACWallace ) )
06DL480732	Syngenta_S12-C2	CL984701	( 06DL480732 ( Syngenta_S12-C2 , CL984701 ( X006 ( Syngenta_S19-90 , MP91133 ) , Syngenta_S00-Z1 ) ) )
06DL480868	Syngenta_S05-T6	OACWallace	( 06DL480868 ( Syngenta_S05-T6 , OACWallace ) )
06GK614011	MT100710	MT103884	( 06GK614011 ( MT100710 ( X006 ( Syngenta_S19-90 , MP91133 ) ( Syngenta_S19-90 , MP91133 ) , Pioneer_P92B22 ) , MT103884 ( X006 ( Syngenta_S19-90 , MP91133 ) , Syngenta_S25-J5 ( Exp_13404 , Pioneer_P9273 ( Pioneer_P2981 , Asgrow_A3127 ( Williams , Essex ) ) ) ) ) )
06GK615309	MT100710	MT9078008	( 06GK615309 ( MT100710 ( X006 ( Syngenta_S19-90 , MP91133 ) , Pioneer_P92B22 ) , MT9078008 ( PXB19J99 , X022 ( Pioneer_P91608 , Pioneer_P9273 ( Pioneer_P2981 , Asgrow_A3127 ( Williams , Essex ) ) ) ) ) )
06JR202581	SJ030546	WW115926	( 06JR202581 ( SJ030546 ( Syngenta_S32-Z3 ( Exp_13404 , Pioneer_P9273 ( Pioneer_P2981 , Asgrow_A3127 ( Williams , Essex ) ) ) , Asgrow_A4341 ) , WW115926 ) )
06JR205288	DST2344	SJ031808	( 06JR205288 ( DST2344 , SJ031808 ( CX369c ( - , -_ ) , Syngenta_S38-T8 ) ) )
06JR205420	WW115926	SJ031808	( 06JR205420 ( WW115926 , SJ031808 ( CX369c ( - , -_ ) , Syngenta_S38-T8 ) ) )
06JR207459	SJ034878	SJ934809	( 06JR207459 ( SJ034878 ( Syngenta_S32-Z3 ( Exp_13404 , Pioneer_P9273 ( Pioneer_P2981 , Asgrow_A3127 ( Williams , Essex ) ) ) , Syngenta_S38-E9 ) , SJ934809 ( Syngenta_S42-H1 , Syngenta_S38-T8 ) ) )
06JR208211	SJ034878	SJ934809	( 06JR208211 ( SJ034878 ( Syngenta_S32-Z3 ( Exp_13404 , Pioneer_P9273 ( Pioneer_P2981 , Asgrow_A3127 ( Williams , Essex ) ) ) , Syngenta_S38-E9 ) , SJ934809 ( Syngenta_S42-H1 , Syngenta_S38-T8 ) ) )
06KG218440	BA018212	BA016127	( 06KG218440 ( BA018212 ( Carver , Syngenta_S80-J2 ) , BA016127 ) )
06KL162149	M815869	MT103884	( 06KL162149 ( M815869 ( 13404BB2 , Asgrow_A2722 ) , MT103884 ( X006 ( Syngenta_S19-90 , MP91133 ) , Syngenta_S25-J5 ( Exp_13404 , Pioneer_P9273 ( Pioneer_P2981 , Asgrow_A3127 ( Williams , Essex ) ) ) ) ) )
06KL162978	MT002750	SJ833009	( 06KL162978 ( MT002750 ( ST1970 , L932113 ( Syngneta_S12-49 , Syngenta_S24-92 ) ) , SJ833009 ( Syngenta_S38-L5 , Pioneer_P9281 ) ) )
06KL163285	97026-N99-42648	MT103884	( 06KL163285 ( 97026-N99-42648 , MT103884 ( X006 ( Syngenta_S19-90 , MP91133 ) , Syngenta_S25-J5 ( Exp_13404 , Pioneer_P9273 ( Pioneer_P2981 , Asgrow_A3127 ( Williams , Essex ) ) ) ) ) )
06KL163375	WW703873	97026-N99-42648	( 06KL163375 ( WW703873 ( Asgrow_A2540 , Pioneer_P9362 ) , 97026-N99-42648 ) )
06KL167872	MT103884	Pioneer_P91M10	( 06KL167872 ( MT103884 ( X006 ( Syngenta_S19-90 , MP91133 ) , Syngenta_S25-J5 ( Exp_13404 , Pioneer_P9273 ( Pioneer_P2981 , Asgrow_A3127 ( Williams , Essex ) ) ) ) , Pioneer_P91M10 ) )
06NB199076	M815869	97824-N00-47977	( 06NB199076 ( M815869 ( 13404BB2 , Asgrow_A2722 ) , 97824-N00-47977 ( 92283-A95-30338 ( AP2880 , 85336-B88-31056 ( 82266-B84-09240 ( Williams_82 , Asgrow_A3127 ( Williams , Essex ) ) , Harper ) ) , Pioneer_P9234 ) ) )
06NB199520	WW815289	97284-N00-47977	( 06NB199520 ( WW815289 ( 13404BB2 , Asgrow_A2722 ) , 97284-N00-47977 ( 92283-A95-30438 ( AP2880 , 85336-B88-31056 ( 82266-B84-09240 ( Williams_82 , Asgrow_A3127 ( Williams , Essex ) ) , Harper ) ) , Pioneer_P9234 ) ) )
06NB204846	WW115926	98211-A01-36153	( 06NB204846 ( WW115926 , 98211-A01-36153 ( Syngenta_S21-A1 , 92032-A95-58316 ( AP2880 , Asgrow_A2872 ( Asgrow_A2943 ( Asgrow_A1564 , Asgrow_A3127 ( Williams , Essex ) ( Williams , Essex ) ) , Asgrow_A3501 ( Williams_82 , Asgrow_A3127 ( Williams , Essex ) ) ) ) ) ) )
06RM934415	WW115926	Pioneer_P93B15	( 06RM934415 ( WW115926 , Pioneer_P93B15 ) )
07DL599351	Syngenta_S03-W4	G-1549	( 07DL599351 ( Syngenta_S03-W4 , G-1549 ) )
07RG381326	OACPrudence	Syngenta_S03-W4	( 07RG381326 ( OACPrudence , Syngenta_S03-W4 ) )
103321	Asgrow_A3559	AG3502	( 103321 ( Asgrow_A3559 , AG3502 ) )
1045636	AG2107RR2YBC2	AG00901	( 1045636 ( AG2107RR2YBC2 , AG00901 ) )
1045652	JW2007A6-D0YN	MK0107A1B0RN	( 1045652 ( JW2007A6-D0YN , MK0107A1B0RN ) )
1045681	28-61RY	CR2-1503N	( 1045681 ( 28-61RY , CR2-1503N ) )
1045692	MK0707A3-D0RN	RM2007A1-D0YN	( 1045692 ( MK0707A3-D0RN , RM2007A1-D0YN ) )
1045703	JW1508E7-A0YN	RM1609B8-B0YN	( 1045703 ( JW1508E7-A0YN , RM1609B8-B0YN ) )
1045742	260744-14	RM2007A1-D0YN	( 1045742 ( 260744-14 , RM2007A1-D0YN ) )
1045746	JW1508E7-A0YN	RM1609B8-B0YN	( 1045746 ( JW1508E7-A0YN , RM1609B8-B0YN ) )
1045748	JW1508E7-A0YN	RM1609B8-B0YN	( 1045748 ( JW1508E7-A0YN , RM1609B8-B0YN ) )
1045749	JW1508E7-A0YN	RM1609BB-B0YN	( 1045749 ( JW1508E7-A0YN , RM1609BB-B0YN ) )
1045798	JW1508E7-A0YN	RM1909B5-B0YN	( 1045798 ( JW1508E7-A0YN , RM1909B5-B0YN ) )
1045962	AG2002	RM1909B5-D0YN	( 1045962 ( AG2002 , RM1909B5-D0YN ) )
1046238	AG3132	AG3130	( 1046238 ( AG3132 , AG3130 ) )
1046250	BL3409A8-D0YN	AG3130	( 1046250 ( BL3409A8-D0YN , AG3130 ) )
1046251	BL3409A8-D0YN	AG3130	( 1046251 ( BL3409A8-D0YN , AG3130 ) )
1046289	BL3509A9-D0YL	E93109D5-G0YV	( 1046289 ( BL3509A9-D0YL , E93109D5-G0YV ) )
1046317	FN3209D2-B0YN	CS-29R212N	( 1046317 ( FN3209D2-B0YN , CS-29R212N ) )
1046394	BL3409A8-D0YN	AG3130	( 1046394 ( BL3409A8-D0YN , AG3130 ) )
1046642	CP3907A4-D0RN	CP3408A5-D0YN	( 1046642 ( CP3907A4-D0RN , CP3408A5-D0YN ) )
1046750	CEI4606A0X-0004	CP3708D5-A0YN	( 1046750 ( CEI4606A0X-0004 , CP3708D5-A0YN ) )
1046882	GL5007A1-D0RN	GL4008D9-B0YN	( 1046882 ( GL5007A1-D0RN , GL4008D9-B0YN ) )
1064131	AG1832	AW1911F1-B0BAH	( 1064131 ( AG1832 , AW1911F1-B0BAH ) )
1064165	MKZ809A2-B4YN	FL0711D3-D0BAH	( 1064165 ( MKZ809A2-B4YN , FL0711D3-D0BAH ) )
10928	80053	4MP4148-32	( 10928 ( 80053 , 4MP4148-32 ( 82285 , G2436A ) ) )
11-54-132	M10	Capital	( 11-54-132 ( M10 , Capital ) )
1100-07	Forrest	Tracy	( 1100-07 ( Forrest , Tracy ) )
11824	ST1386-23	AG2101	( 11824 ( ST1386-23 , AG2101 ) )
1190-02	Mack	Forrest	( 1190-02 ( Mack , Forrest ) )
1190-19	Mack	Forrest	( 1190-19 ( Mack , Forrest ) )
12102R024	YB23E	ST1570	( 12102R024 ( YB23E ( Archer , Pioneer_P9273 ( Pioneer_P2981 , Asgrow_A3127 ( Williams , Essex ) ) ) , ST1570 ) )
12223R006	Pioneer_P9007	90733	( 12223R006 ( Pioneer_P9007 , 90733 ( Pioneer_P9172 , 90676 ( ST2250 , G40-3P9392 ) ) ) )
12465	Pioneer_P9132	90733	( 12465 ( Pioneer_P9132 , 90733 ( Pioneer_P9172 , 90676 ( ST2250 , G40-3P9392 ) ) ) )
13007	Asgrow_A3304	90733	( 13007 ( Asgrow_A3304 , 90733 ( Pioneer_P9172 , 90676 ( ST2250 , G40-3P9392 ) ) ) )
132963	CP3678	AG4301	( 132963 ( CP3678 , AG4301 ) )
133515	133220	Pioneer_P93B82	( 133515 ( 133220 , Pioneer_P93B82 ) )
13744	Asgrow_A5959	AGM58702	( 13744 ( Asgrow_A5959 , AGM58702 ) )
149-66	Corsoy	Magna	( 149-66 ( Corsoy , Magna ) )
151167	Asgrow_A3244	AG3201	( 151167 ( Asgrow_A3244 , AG3201 ) )
152167	Asgrow_A3469	AGH36801	( 152167 ( Asgrow_A3469 , AGH36801 ) )
17D	Williams_82	PI_283327	( 17D ( Williams_82 , PI_283327 ) )
1CH244B	Dairyland_DSR304	W20	( 1CH244B ( Dairyland_DSR304 ( Williams , - ) , W20 ) )
1M13-236029	SD06-393	M07-375020	( 1M13-236029 ( SD06-393 ( SDX98-74151 ( IA2034 , C1954 ) , M96-71481 ) , M07-375020 ) )
1M13-250051	M06-288190	AR09-191018	( 1M13-250051 ( M06-288190 , AR09-191018 ) )
2-40A	Arksoy	-	( 2-40A ( Arksoy ( PI_35335 , - ) , - ) )
208463	AP1275	AG0801	( 208463 ( AP1275 , AG0801 ) )
210197	301	306	( 210197 ( 301 ( Crusher , Legacy ) , 306 ( Crusher , Legacy ) ) )
21028	Pioneer_P9392	Pioneer_P9321	( 21028 ( Pioneer_P9392 ( Asgrow_A3127 ( Williams , Essex ) , Gnome ) , Pioneer_P9321 ) )
21030R017	ST1590	ST2250	( 21030R017 ( ST1590 , ST2250 ) )
210342	301	306	( 210342 ( 301 ( Crusher , Legacy ) , 306 ( Crusher , Legacy ) ) )
21052	ST2250	90676A	( 21052 ( ST2250 , 90676A ( ST2250 , G40-3P9392 ) ) )
21063	Asgrow_A3237	90683C	( 21063 ( Asgrow_A3237 , 90683C ( Pioneer_P9362 , G40-3P9392 ) ) )
21066	MO12557	90688A	( 21066 ( MO12557 , 90688A ( Asgrow_A4715 , G40-3P9392 ) ) )
21069	MO92117-18	90682E	( 21069 ( MO92117-18 , 90682E ( Pioneer_P9342 , G40-3P9341 ) ) )
21070	Pioneer_P9412	90688C	( 21070 ( Pioneer_P9412 , 90688C ( Asgrow_A4715 , G40-3P9392 ) ) )
21080	Pioneer_P9362	90682C	( 21080 ( Pioneer_P9362 , 90682C ( Pioneer_P9342 , G40-3P9341 ) ) )
21082	Pioneer_P9381	90685A	( 21082 ( Pioneer_P9381 , 90685A ( Pioneer_P9381 , G40-3P9392 ) ) )
21097	Asgrow_A3237	21063	( 21097 ( Asgrow_A3237 , 21063 ( Asgrow_A3237 , 90683C ( Pioneer_P9362 , G40-3P9392 ) ) ) )
21111	Pioneer_P9362	21080	( 21111 ( Pioneer_P9362 , 21080 ( Pioneer_P9362 , 90682C ( Pioneer_P9342 , G40-3P9341 ) ) ) )
21119	Pioneer_P9304	21070	( 21119 ( Pioneer_P9304 , 21070 ( Pioneer_P9412 , 90688C ( Asgrow_A4715 , G40-3P9392 ) ) ) )
21132	Asgrow_A2396	21082	( 21132 ( Asgrow_A2396 ( CM214 , Asgrow_A2943 ( Asgrow_A1564 , Asgrow_A3127 ( Williams , Essex ) ) ) , 21082 ( Pioneer_P9381 , 90685A ( Pioneer_P9381 , G40-3P9392 ) ) ) )
211948	Asgrow_A3244	CPG3289C	( 211948 ( Asgrow_A3244 , CPG3289C ) )
21270LBW39	MO01718	Pioneer_P9171	( 21270LBW39 ( MO01718 ( MO50321 ( MO01010 ( Harcor , CM183 ) ( Harcor , CM183 ) , A8 ) , MO50226 ( ST3010 , MO01010 ( Harcor , CM183 ) ) ) , Pioneer_P9171 ( Pioneer_P9271 , Asgrow_A3127 ( Williams , Essex ) ) ) )
212930	602216	APG0972	( 212930 ( 602216 , APG0972 ) )
21710	Asgrow_A3237	21097	( 21710 ( Asgrow_A3237 , 21097 ( Asgrow_A3237 , 21063 ( Asgrow_A3237 , 90683C ( Pioneer_P9362 , G40-3P9392 ) ) ) ) )
21710N120	Asgrow_A3237	21097	( 21710N120 ( Asgrow_A3237 , 21097 ( Asgrow_A3237 , 21063 ( Asgrow_A3237 , 90683C ( Pioneer_P9362 , G40-3P9392 ) ) ) ) )
21720	Pioneer_P9343	21111	( 21720 ( Pioneer_P9343 , 21111 ( Pioneer_P9362 , 21080 ( Pioneer_P9362 , 90682C ( Pioneer_P9342 , G40-3P9341 ) ) ) ) )
21721	Asgrow_A1900	21119	( 21721 ( Asgrow_A1900 , 21119 ( Pioneer_P9304 , 21070 ( Pioneer_P9412 , 90688C ( Asgrow_A4715 , G40-3P9392 ) ) ) ) )
21726	Asgrow_A2396	21132	( 21726 ( Asgrow_A2396 ( CM214 , Asgrow_A2943 ( Asgrow_A1564 , Asgrow_A3127 ( Williams , Essex ) ) ) ( CM214 , Asgrow_A2943 ( Asgrow_A1564 , Asgrow_A3127 ( Williams , Essex ) ) ( Asgrow_A1564 , Asgrow_A3127 ( Williams , Essex ) ( Williams , Essex ) ) ) , 21132 ( Asgrow_A2396 ( CM214 , Asgrow_A2943 ( Asgrow_A1564 , Asgrow_A3127 ( Williams , Essex ) ) ) , 21082 ( Pioneer_P9381 , 90685A ( Pioneer_P9381 , G40-3P9392 ) ) ) ) )
221524	DKB26-52	AG2703	( 221524 ( DKB26-52 , AG2703 ) )
22302S025	ST2660	Syngenta_S30-06	( 22302S025 ( ST2660 , Syngenta_S30-06 ) )
236101	CI3478	AG3702	( 236101 ( CI3478 , AG3702 ) )
25340	ST0280	AG0801	( 25340 ( ST0280 , AG0801 ) )
275934	CI43980	AG4702	( 275934 ( CI43980 , AG4702 ) )
2S11	059-903	Hardome	( 2S11 ( 059-903 , Hardome ) )
30094	5961	Asgrow_A3733	( 30094 ( 5961 ( Asgrow_A3733 ( Elf , Asgrow_A3127 ( Williams , Essex ) ) ( Elf , Asgrow_A3127 ( Williams , Essex ) ( Williams , Essex ) ) , Resnik ) , Asgrow_A3733 ( Elf , Asgrow_A3127 ( Williams , Essex ) ) ( Elf , Asgrow_A3127 ( Williams , Essex ) ( Williams , Essex ) ) ) )
301	Crusher	Legacy	( 301 ( Crusher , Legacy ) )
30107	XB33B	5961	( 30107 ( XB33B ( CM304BR , Asgrow_A3127 ( Williams , Essex ) ( Williams , Essex ) ) , 5961 ( Asgrow_A3733 ( Elf , Asgrow_A3127 ( Williams , Essex ) ) , Resnik ) ) )
30124	Pioneer_P9303	30094	( 30124 ( Pioneer_P9303 , 30094 ( 5961 ( Asgrow_A3733 ( Elf , Asgrow_A3127 ( Williams , Essex ) ) ( Elf , Asgrow_A3127 ( Williams , Essex ) ( Williams , Essex ) ) , Resnik ) , Asgrow_A3733 ( Elf , Asgrow_A3127 ( Williams , Essex ) ) ( Elf , Asgrow_A3127 ( Williams , Essex ) ( Williams , Essex ) ) ) ) )
30129	XB33B	30107	( 30129 ( XB33B ( CM304BR , Asgrow_A3127 ( Williams , Essex ) ( Williams , Essex ) ) ( CM304BR , Asgrow_A3127 ( Williams , Essex ) ( Williams , Essex ) ( Williams , Essex ) ) , 30107 ( XB33B ( CM304BR , Asgrow_A3127 ( Williams , Essex ) ( Williams , Essex ) ) , 5961 ( Asgrow_A3733 ( Elf , Asgrow_A3127 ( Williams , Essex ) ) , Resnik ) ) ) )
30199	Pioneer_P9303	30124	( 30199 ( Pioneer_P9303 , 30124 ( Pioneer_P9303 , 30094 ( 5961 ( Asgrow_A3733 ( Elf , Asgrow_A3127 ( Williams , Essex ) ) ( Elf , Asgrow_A3127 ( Williams , Essex ) ( Williams , Essex ) ) , Resnik ) , Asgrow_A3733 ( Elf , Asgrow_A3127 ( Williams , Essex ) ) ( Elf , Asgrow_A3127 ( Williams , Essex ) ( Williams , Essex ) ) ) ) ) )
30214	Pioneer_P9341	30129	( 30214 ( Pioneer_P9341 , 30129 ( XB33B ( CM304BR , Asgrow_A3127 ( Williams , Essex ) ( Williams , Essex ) ) ( CM304BR , Asgrow_A3127 ( Williams , Essex ) ( Williams , Essex ) ( Williams , Essex ) ) , 30107 ( XB33B ( CM304BR , Asgrow_A3127 ( Williams , Essex ) ( Williams , Essex ) ) , 5961 ( Asgrow_A3733 ( Elf , Asgrow_A3127 ( Williams , Essex ) ) , Resnik ) ) ) ) )
30289F2	Pioneer_P9162	30214	( 30289F2 ( Pioneer_P9162 ( Pioneer_P2981 , Asgrow_A1937 ( Hodgson , D3003 ( Wayne , - ) ) ) , 30214 ( Pioneer_P9341 , 30129 ( XB33B ( CM304BR , Asgrow_A3127 ( Williams , Essex ) ( Williams , Essex ) ) ( CM304BR , Asgrow_A3127 ( Williams , Essex ) ( Williams , Essex ) ( Williams , Essex ) ) , 30107 ( XB33B ( CM304BR , Asgrow_A3127 ( Williams , Essex ) ( Williams , Essex ) ) , 5961 ( Asgrow_A3733 ( Elf , Asgrow_A3127 ( Williams , Essex ) ) , Resnik ) ) ) ) ) )
30294	Pioneer_P9303	30199	( 30294 ( Pioneer_P9303 , 30199 ( Pioneer_P9303 , 30124 ( Pioneer_P9303 , 30094 ( 5961 ( Asgrow_A3733 ( Elf , Asgrow_A3127 ( Williams , Essex ) ) ( Elf , Asgrow_A3127 ( Williams , Essex ) ( Williams , Essex ) ) , Resnik ) , Asgrow_A3733 ( Elf , Asgrow_A3127 ( Williams , Essex ) ) ( Elf , Asgrow_A3127 ( Williams , Essex ) ( Williams , Essex ) ) ) ) ) ) )
30310	Pioneer_P9303	30294	( 30310 ( Pioneer_P9303 , 30294 ( Pioneer_P9303 , 30199 ( Pioneer_P9303 , 30124 ( Pioneer_P9303 , 30094 ( 5961 ( Asgrow_A3733 ( Elf , Asgrow_A3127 ( Williams , Essex ) ) ( Elf , Asgrow_A3127 ( Williams , Essex ) ( Williams , Essex ) ) , Resnik ) , Asgrow_A3733 ( Elf , Asgrow_A3127 ( Williams , Essex ) ) ( Elf , Asgrow_A3127 ( Williams , Essex ) ( Williams , Essex ) ) ) ) ) ) ) )
30337R089	Pioneer_P9162	30289F2	( 30337R089 ( Pioneer_P9162 ( Pioneer_P2981 , Asgrow_A1937 ( Hodgson , D3003 ( Wayne , - ) ) ) ( Pioneer_P2981 , Asgrow_A1937 ( Hodgson , D3003 ( Wayne , - ) ) ( Hodgson , D3003 ( Wayne , - ) ( Wayne , - ) ) ) , 30289F2 ( Pioneer_P9162 ( Pioneer_P2981 , Asgrow_A1937 ( Hodgson , D3003 ( Wayne , - ) ) ) , 30214 ( Pioneer_P9341 , 30129 ( XB33B ( CM304BR , Asgrow_A3127 ( Williams , Essex ) ( Williams , Essex ) ) ( CM304BR , Asgrow_A3127 ( Williams , Essex ) ( Williams , Essex ) ( Williams , Essex ) ) , 30107 ( XB33B ( CM304BR , Asgrow_A3127 ( Williams , Essex ) ( Williams , Essex ) ) , 5961 ( Asgrow_A3733 ( Elf , Asgrow_A3127 ( Williams , Essex ) ) , Resnik ) ) ) ) ) ) )
3034	Amsoy	303S11	( 3034 ( Amsoy , 303S11 ) )
3035	Ax50F58-2	PI_31122	( 3035 ( Ax50F58-2 , PI_31122 ) )
30388	Pioneer_P9303	30310	( 30388 ( Pioneer_P9303 , 30310 ( Pioneer_P9303 , 30294 ( Pioneer_P9303 , 30199 ( Pioneer_P9303 , 30124 ( Pioneer_P9303 , 30094 ( 5961 ( Asgrow_A3733 ( Elf , Asgrow_A3127 ( Williams , Essex ) ) ( Elf , Asgrow_A3127 ( Williams , Essex ) ( Williams , Essex ) ) , Resnik ) , Asgrow_A3733 ( Elf , Asgrow_A3127 ( Williams , Essex ) ) ( Elf , Asgrow_A3127 ( Williams , Essex ) ( Williams , Essex ) ) ) ) ) ) ) ) )
306	Crusher	Legacy	( 306 ( Crusher , Legacy ) )
31438	Pioneer_P9254	Pioneer_P9281	( 31438 ( Pioneer_P9254 , Pioneer_P9281 ) )
3171	L77-994	Pioneer_P1677	( 3171 ( L77-994 , Pioneer_P1677 ) )
31713H013	Asgrow_A3431	Pioneer_P9352	( 31713H013 ( Asgrow_A3431 , Pioneer_P9352 ) )
3172	HP20-20	HW79149	( 3172 ( HP20-20 , HW79149 ) )
31910	31438	Pioneer_P9254	( 31910 ( 31438 ( Pioneer_P9254 , Pioneer_P9281 ) , Pioneer_P9254 ) )
3202	V295	Asgrow_A3127	( 3202 ( V295 , Asgrow_A3127 ( Williams , Essex ) ) )
32127	Pioneer_P9352	31910	( 32127 ( Pioneer_P9352 , 31910 ( 31438 ( Pioneer_P9254 , Pioneer_P9281 ) , Pioneer_P9254 ) ) )
32745	Pioneer_P9352	32127	( 32745 ( Pioneer_P9352 , 32127 ( Pioneer_P9352 , 31910 ( 31438 ( Pioneer_P9254 , Pioneer_P9281 ) , Pioneer_P9254 ) ) ) )
32870F2	Pioneer_P9352	21111	( 32870F2 ( Pioneer_P9352 , 21111 ( Pioneer_P9362 , 21080 ( Pioneer_P9362 , 90682C ( Pioneer_P9342 , G40-3P9341 ) ) ) ) )
330738	Asgrow_A5427	AG5001	( 330738 ( Asgrow_A5427 ( Asgrow_A2843 , Asgrow_A3431 ) , AG5001 ) )
3311	Asgrow_A3127	SL1646	( 3311 ( Asgrow_A3127 ( Williams , Essex ) , SL1646 ) )
33405	ST2870	AG2601	( 33405 ( ST2870 , AG2601 ) )
34870	BSR201	Asgrow_A3127	( 34870 ( BSR201 , Asgrow_A3127 ( Williams , Essex ) ) )
358232	AG4402	AG4403	( 358232 ( AG4402 , AG4403 ) )
361380	Asgrow_A4604	AGQ48803	( 361380 ( Asgrow_A4604 , AGQ48803 ) )
3615	DPX_403	DPL_345	( 3615 ( DPX_403 , DPL_345 ( Bragg , Mack ) ) )
384279	Jim	AGA06801	( 384279 ( Jim , AGA06801 ) )
385457	ST0280	AG0801	( 385457 ( ST0280 , AG0801 ) )
387907	Asgrow_A2824	AG3201	( 387907 ( Asgrow_A2824 , AG3201 ) )
40305-117	Pioneer_P9312	Pioneer_P9392	( 40305-117 ( Pioneer_P9312 , Pioneer_P9392 ( Asgrow_A3127 ( Williams , Essex ) , Gnome ) ) )
40656	Olympus	MON_RR	( 40656 ( Olympus , MON_RR ) )
40887	ST2788	AG3302	( 40887 ( ST2788 , AG3302 ) )
41914S135	Asgrow_A4138	21111	( 41914S135 ( Asgrow_A4138 , 21111 ( Pioneer_P9362 , 21080 ( Pioneer_P9362 , 90682C ( Pioneer_P9342 , G40-3P9341 ) ) ) ) )
437973	DGL4700A0R	AG4403	( 437973 ( DGL4700A0R , AG4403 ) )
44483	MP15733-72	AG4301	( 44483 ( MP15733-72 , AG4301 ) )
45217N901	S2911	21066	( 45217N901 ( S2911 , 21066 ( MO12557 , 90688A ( Asgrow_A4715 , G40-3P9392 ) ) ) )
45233R043	Asgrow_A1900	21069	( 45233R043 ( Asgrow_A1900 , 21069 ( MO92117-18 , 90682E ( Pioneer_P9342 , G40-3P9341 ) ) ) )
45270	ST2250	21721	( 45270 ( ST2250 , 21721 ( Asgrow_A1900 , 21119 ( Pioneer_P9304 , 21070 ( Pioneer_P9412 , 90688C ( Asgrow_A4715 , G40-3P9392 ) ) ) ) ) )
45282	3660	21726	( 45282 ( 3660 , 21726 ( Asgrow_A2396 ( CM214 , Asgrow_A2943 ( Asgrow_A1564 , Asgrow_A3127 ( Williams , Essex ) ) ) ( CM214 , Asgrow_A2943 ( Asgrow_A1564 , Asgrow_A3127 ( Williams , Essex ) ) ( Asgrow_A1564 , Asgrow_A3127 ( Williams , Essex ) ( Williams , Essex ) ) ) , 21132 ( Asgrow_A2396 ( CM214 , Asgrow_A2943 ( Asgrow_A1564 , Asgrow_A3127 ( Williams , Essex ) ) ) , 21082 ( Pioneer_P9381 , 90685A ( Pioneer_P9381 , G40-3P9392 ) ) ) ) ) )
45487L002	Pioneer_P92B52	45270	( 45487L002 ( Pioneer_P92B52 , 45270 ( ST2250 , 21721 ( Asgrow_A1900 , 21119 ( Pioneer_P9304 , 21070 ( Pioneer_P9412 , 90688C ( Asgrow_A4715 , G40-3P9392 ) ) ) ) ) ) )
457028	DGL4500A0X	DGL4700A0R	( 457028 ( DGL4500A0X , DGL4700A0R ) )
49431	Asgrow_A3559	AG3302	( 49431 ( Asgrow_A3559 , AG3302 ) )
4J105-3-4	CLOJ173-6-2	WW115926	( 4J105-3-4 ( CLOJ173-6-2 ( Kottman , Dwight ) , WW115926 ) )
4MP4148-32	82285	G2436A	( 4MP4148-32 ( 82285 , G2436A ) )
53381	Asgrow_A4604	AG4902	( 53381 ( Asgrow_A4604 , AG4902 ) )
5601T	Hutcheson	TN89-39	( 5601T ( Hutcheson , TN89-39 ( TN81-2 ( Lee_74 , Mitchell ( Amsoy , Wayne ) ) , TN80-69 ( Essex , J74-40 ) ) ) )
5961	Asgrow_A3733	Resnik	( 5961 ( Asgrow_A3733 ( Elf , Asgrow_A3127 ( Williams , Essex ) ) , Resnik ) )
6245	ST0280	AG2401	( 6245 ( ST0280 , AG2401 ) )
629-22-27	D49-2491	-	( 629-22-27 ( D49-2491 ( S-100 ( Illini ( A.K. , - ) , - ) , C.N.S. ( Clemson ( PI_71659 , - ) , - ) ) , - ) )
6347	Cartter	Asgrow_A3307	( 6347 ( Cartter , Asgrow_A3307 ) )
6363	Cartter	Pioneer_P9272	( 6363 ( Cartter , Pioneer_P9272 ) )
66764	BSR101	Elgin	( 66764 ( BSR101 , Elgin ) )
6738	F71-1180	CN281	( 6738 ( F71-1180 , CN281 ) )
6847	F71-1180	CN281	( 6847 ( F71-1180 , CN281 ) )
6925	Essex	Forrest	( 6925 ( Essex , Forrest ) )
6955	Coker_237	D74-7741	( 6955 ( Coker_237 ( Hutton , N63-858 ( D58-3358 , D59-9289 ( D51-4877 ( Roanoke , N45-745 ( Ogden ( Tokyo ( PI_8424 , - ) , PI_54610 ) ( Tokyo ( PI_8424 , - ) ( PI_8424 , - ) , PI_54610 ) , C.N.S. ( Clemson ( PI_71659 , - ) , - ) ) ) , D55-4168 ( Ogden ( Tokyo ( PI_8424 , - ) , PI_54610 ) , Biloxi ( PI_23211 , - ) ) ) ) ) , D74-7741 ( Forrest , D70-3001 ( D64-4636 ( Hill , D58-3311 ) , Pickett_71 ) ) ) )
6995	Bedford	Coker_156	( 6995 ( Bedford , Coker_156 ( Dare , D64-3937 ( Hill , D59-1619 ) ) ) )
70286G002	8397-11	W8248-02	( 70286G002 ( 8397-11 ( Pioneer_P9593 ( 2177-57 , Pioneer_P9561 ( Mack , Forrest ) ) , Pioneer_P9582 ) , W8248-02 ( Pioneer_P9592 , H5164 ) ) )
70543	Hutcheson	90773	( 70543 ( Hutcheson , 90773 ( Pioneer_P9584 , 90688 ( Asgrow_A4715 , G40-3P9392 ) ) ) )
70653G003	Pioneer_P9594	Syngenta_S59-60	( 70653G003 ( Pioneer_P9594 , Syngenta_S59-60 ) )
70887	Hutcheson	90773	( 70887 ( Hutcheson , 90773 ( Pioneer_P9584 , 90688 ( Asgrow_A4715 , G40-3P9392 ) ) ) )
70961	W8520-044	70543	( 70961 ( W8520-044 ( Pioneer_P9592 , Asgrow_A5979 ) , 70543 ( Hutcheson , 90773 ( Pioneer_P9584 , 90688 ( Asgrow_A4715 , G40-3P9392 ) ) ) ) )
71022G016	Pioneer_P97B61	90768G025	( 71022G016 ( Pioneer_P97B61 , 90768G025 ( Pioneer_P9584 , 90687 ( Pioneer_P9444 , G40-3P9341 ) ) ) )
71026G005	Pioneer_P9594	ST3470	( 71026G005 ( Pioneer_P9594 , ST3470 ) )
71128G100	Pioneer_P9594	H5545	( 71128G100 ( Pioneer_P9594 , H5545 ) )
71165G032	YB58G	XB59E	( 71165G032 ( YB58G ( Pioneer_P9592 , Asgrow_A5979 ) , XB59E ( Hutcheson , Pioneer_P9591 ) ) )
71288G134	XB59E	Pioneer_P9594	( 71288G134 ( XB59E ( Hutcheson , Pioneer_P9591 ) , Pioneer_P9594 ) )
71495	Pioneer_P9594	70887	( 71495 ( Pioneer_P9594 , 70887 ( Hutcheson , 90773 ( Pioneer_P9584 , 90688 ( Asgrow_A4715 , G40-3P9392 ) ) ) ) )
71557T001	Pioneer_P95B33	Graham	( 71557T001 ( Pioneer_P95B33 , Graham ) )
71865T001	Pioneer_P9552	70961	( 71865T001 ( Pioneer_P9552 , 70961 ( W8520-044 ( Pioneer_P9592 , Asgrow_A5979 ) , 70543 ( Hutcheson , 90773 ( Pioneer_P9584 , 90688 ( Asgrow_A4715 , G40-3P9392 ) ) ) ) ) )
7499	Pioneer_P9391	KY84-1616	( 7499 ( Pioneer_P9391 , KY84-1616 ( K1044 ( Tracy , Williams ) , Williams ) ) )
751-8-1-15	Pagoda_2	Fiskeby_III	( 751-8-1-15 ( Pagoda_2 , Fiskeby_III ) )
76599	CM266	Dairyland_DSR304	( 76599 ( CM266 , Dairyland_DSR304 ( Williams , - ) ) )
82266-B84-09240	Williams_82	Asgrow_A3127	( 82266-B84-09240 ( Williams_82 , Asgrow_A3127 ( Williams , Essex ) ) )
8377-16	Pioneer_P9582	W2707-23	( 8377-16 ( Pioneer_P9582 , W2707-23 ( Y2011Z2 ( 1190-02 ( Mack , Forrest ) , J74-45 ) , Epps ) ) )
8397-11	Pioneer_P9593	Pioneer_P9582	( 8397-11 ( Pioneer_P9593 ( 2177-57 , Pioneer_P9561 ( Mack , Forrest ) ) , Pioneer_P9582 ) )
85336-B88-31056	82266-B84-09240	Harper	( 85336-B88-31056 ( 82266-B84-09240 ( Williams_82 , Asgrow_A3127 ( Williams , Essex ) ) , Harper ) )
881-57	Williams	Maple_Presto	( 881-57 ( Williams , Maple_Presto ) )
88401	Asgrow_A1923	2702R	( 88401 ( Asgrow_A1923 , 2702R ) )
9004	Maple_Ridge	Lakota	( 9004 ( Maple_Ridge , Lakota ) )
90505	AP1275	AG2201	( 90505 ( AP1275 , AG2201 ) )
90675	Pioneer_P9281	G40-3P9273	( 90675 ( Pioneer_P9281 , G40-3P9273 ) )
90676	ST2250	G40-3P9392	( 90676 ( ST2250 , G40-3P9392 ) )
90676A	ST2250	G40-3P9392	( 90676A ( ST2250 , G40-3P9392 ) )
90682	Pioneer_P9342	G40-3P9341	( 90682 ( Pioneer_P9342 , G40-3P9341 ) )
90682C	Pioneer_P9342	G40-3P9341	( 90682C ( Pioneer_P9342 , G40-3P9341 ) )
90682E	Pioneer_P9342	G40-3P9341	( 90682E ( Pioneer_P9342 , G40-3P9341 ) )
90683	Pioneer_P9362	G40-3P9392	( 90683 ( Pioneer_P9362 , G40-3P9392 ) )
90683C	Pioneer_P9362	G40-3P9392	( 90683C ( Pioneer_P9362 , G40-3P9392 ) )
90685A	Pioneer_P9381	G40-3P9392	( 90685A ( Pioneer_P9381 , G40-3P9392 ) )
90686	Pioneer_P9392	G40-3P9392	( 90686 ( Pioneer_P9392 ( Asgrow_A3127 ( Williams , Essex ) , Gnome ) , G40-3P9392 ) )
90687	Pioneer_P9444	G40-3P9341	( 90687 ( Pioneer_P9444 , G40-3P9341 ) )
90688	Asgrow_A4715	G40-3P9392	( 90688 ( Asgrow_A4715 , G40-3P9392 ) )
90688A	Asgrow_A4715	G40-3P9392	( 90688A ( Asgrow_A4715 , G40-3P9392 ) )
90688C	Asgrow_A4715	G40-3P9392	( 90688C ( Asgrow_A4715 , G40-3P9392 ) )
90731S043	Pioneer_P9204	90675	( 90731S043 ( Pioneer_P9204 , 90675 ( Pioneer_P9281 , G40-3P9273 ) ) )
90732-150	Pioneer_P9281	90675	( 90732-150 ( Pioneer_P9281 , 90675 ( Pioneer_P9281 , G40-3P9273 ) ) )
90733	Pioneer_P9172	90676	( 90733 ( Pioneer_P9172 , 90676 ( ST2250 , G40-3P9392 ) ) )
90736-085	Pioneer_P9244	90676	( 90736-085 ( Pioneer_P9244 , 90676 ( ST2250 , G40-3P9392 ) ) )
90753	ST2250	90682	( 90753 ( ST2250 , 90682 ( Pioneer_P9342 , G40-3P9341 ) ) )
90755	Pioneer_P9362	90683	( 90755 ( Pioneer_P9362 , 90683 ( Pioneer_P9362 , G40-3P9392 ) ) )
90765T003	Asgrow_A4715	90686	( 90765T003 ( Asgrow_A4715 , 90686 ( Pioneer_P9392 ( Asgrow_A3127 ( Williams , Essex ) , Gnome ) , G40-3P9392 ) ) )
90768G025	Pioneer_P9584	90687	( 90768G025 ( Pioneer_P9584 , 90687 ( Pioneer_P9444 , G40-3P9341 ) ) )
90773	Pioneer_P9584	90688	( 90773 ( Pioneer_P9584 , 90688 ( Asgrow_A4715 , G40-3P9392 ) ) )
91013F2	W30132-004	90753	( 91013F2 ( W30132-004 , 90753 ( ST2250 , 90682 ( Pioneer_P9342 , G40-3P9341 ) ) ) )
91183	Pioneer_P9343	21720	( 91183 ( Pioneer_P9343 , 21720 ( Pioneer_P9343 , 21111 ( Pioneer_P9362 , 21080 ( Pioneer_P9362 , 90682C ( Pioneer_P9342 , G40-3P9341 ) ) ) ) ) )
92032-A95-58316	AP2880	Asgrow_A2872	( 92032-A95-58316 ( AP2880 , Asgrow_A2872 ( Asgrow_A2943 ( Asgrow_A1564 , Asgrow_A3127 ( Williams , Essex ) ( Williams , Essex ) ) , Asgrow_A3501 ( Williams_82 , Asgrow_A3127 ( Williams , Essex ) ) ) ) )
92283-A95-30338	AP2880	85336-B88-31056	( 92283-A95-30338 ( AP2880 , 85336-B88-31056 ( 82266-B84-09240 ( Williams_82 , Asgrow_A3127 ( Williams , Essex ) ) , Harper ) ) )
92283-A95-30438	AP2880	85336-B88-31056	( 92283-A95-30438 ( AP2880 , 85336-B88-31056 ( 82266-B84-09240 ( Williams_82 , Asgrow_A3127 ( Williams , Essex ) ) , Harper ) ) )
92546-01td	Tall	OAC88-09	( 92546-01td ( Tall , OAC88-09 ) )
96004	Asgrow_A5959	AG4501	( 96004 ( Asgrow_A5959 , AG4501 ) )
96008	AG2101	Pioneer_P9163	( 96008 ( AG2101 , Pioneer_P9163 ) )
96838	Asgrow_A2553	AG2903	( 96838 ( Asgrow_A2553 , AG2903 ) )
97284-N00-47977	92283-A95-30438	Pioneer_P9234	( 97284-N00-47977 ( 92283-A95-30438 ( AP2880 , 85336-B88-31056 ( 82266-B84-09240 ( Williams_82 , Asgrow_A3127 ( Williams , Essex ) ) , Harper ) ) , Pioneer_P9234 ) )
97824-N00-47977	92283-A95-30338	Pioneer_P9234	( 97824-N00-47977 ( 92283-A95-30338 ( AP2880 , 85336-B88-31056 ( 82266-B84-09240 ( Williams_82 , Asgrow_A3127 ( Williams , Essex ) ) , Harper ) ) , Pioneer_P9234 ) )
98211-A01-36153	Syngenta_S21-A1	92032-A95-58316	( 98211-A01-36153 ( Syngenta_S21-A1 , 92032-A95-58316 ( AP2880 , Asgrow_A2872 ( Asgrow_A2943 ( Asgrow_A1564 , Asgrow_A3127 ( Williams , Essex ) ( Williams , Essex ) ) , Asgrow_A3501 ( Williams_82 , Asgrow_A3127 ( Williams , Essex ) ) ) ) ) )
98601	Asgrow_A5403	Hutcheson	( 98601 ( Asgrow_A5403 , Hutcheson ) )
99702-B02-58205	B3491N	AP2952N	( 99702-B02-58205 ( B3491N , AP2952N ) )
